ID_OPERATION,PARAM1,PARAM2,PARAM3,Label
1475808110,1,0,0,FALSE
1475535168,1,0,0,FALSE
4372185371,1,0,0,FALSE
4515816779,1,0,0,FALSE
4307953222,1,0,0,FALSE
4234445083,1,0,0,FALSE
4175257989,1,0,0,FALSE
8379091400,1,0,0,FALSE
4325445235,1,0,0,FALSE
9792742553,1,0,0,FALSE
9217440794,1,0,0,FALSE
4990120550,1,0,0,FALSE
8819415511,1,0,0,FALSE
4431581005,1,0,0,FALSE
8067229269,1,0,0,FALSE
1014168475,1,0,0,FALSE
10144271212,1,0,0,FALSE
4272808158,1,0,0,FALSE
3765772914,1,0,0,FALSE
1521990420,1,0,0,FALSE
9496226898,1,0,0,FALSE
8503655869,1,0,0,FALSE
5401335471,1,0,0,FALSE
8253882186,1,1,0,FALSE
8346283302,1,0,0,FALSE
8967781726,1,0,0,FALSE
7896689109,1,0,0,FALSE
9842260907,1,0,0,FALSE
8105027774,1,0,0,FALSE
1254422250,1,0,0,FALSE
9787511610,1,0,0,FALSE
10814593389,1,0,0,FALSE
302101028,1,0,0,FALSE
4338042762,1,0,0,FALSE
1315127294,1,0,0,FALSE
4535692739,1,0,0,FALSE
8564220824,1,0,0,FALSE
4440791943,1,0,0,FALSE
8827737593,1,0,0,FALSE
7898880977,1,0,0,FALSE
3362587566,1,0,0,FALSE
9184268555,1,0,0,FALSE
7857482077,1,0,0,FALSE
8399821423,1,0,0,FALSE
8882451869,1,0,0,FALSE
9742407701,1,0,0,FALSE
4128126036,1,0,0,FALSE
8786976675,1,0,0,FALSE
10562485187,1,0,0,FALSE
5541252021,1,0,0,FALSE
10519583502,1,0,0,FALSE
4326104601,1,0,0,FALSE
4017389083,1,0,0,FALSE
8336592838,1,0,0,FALSE
9750430207,1,0,0,FALSE
8434160890,1,0,0,FALSE
721236891,1,0,0,FALSE
3633593137,1,0,0,FALSE
9249674538,1,0,0,FALSE
3992876463,1,0,0,FALSE
3706547380,1,0,0,FALSE
4350565818,1,0,0,FALSE
10988097841,1,0,0,FALSE
11413913787,1,0,0,FALSE
9860104551,1,0,0,FALSE
8215582082,1,0,0,FALSE
5756726272,1,0,0,FALSE
8819207251,1,0,0,FALSE
9986845125,1,0,0,FALSE
9255440448,1,0,0,FALSE
11202939095,1,0,0,FALSE
4305312335,1,0,0,FALSE
10135846876,1,1,0,FALSE
10511057845,1,0,0,FALSE
3655931126,1,0,0,FALSE
9424948717,1,0,0,FALSE
1446514602,1,0,0,FALSE
10587483890,1,0,0,FALSE
9784879140,1,0,0,FALSE
1641021101,1,0,0,FALSE
9255779966,1,0,0,FALSE
9716083056,1,0,0,FALSE
9244621067,1,0,0,FALSE
10494697607,1,0,0,FALSE
9330681115,1,0,0,FALSE
11329822425,1,0,0,FALSE
3685236813,1,0,0,FALSE
1051961149,1,0,0,FALSE
8379923082,1,0,0,FALSE
4271209976,1,0,0,FALSE
3313041301,1,0,0,FALSE
9180209125,1,0,0,FALSE
3610187560,1,0,0,FALSE
707354306,1,0,0,FALSE
9968710052,1,0,0,FALSE
10567346821,1,0,0,FALSE
1632958504,1,0,0,FALSE
8280437168,1,0,0,FALSE
4441933386,1,0,0,FALSE
8395722980,1,0,0,FALSE
3750196910,1,0,0,FALSE
10476641752,1,0,0,FALSE
1255937760,1,0,0,FALSE
1297134257,1,0,0,FALSE
11203590936,1,0,0,FALSE
3364283451,1,0,0,FALSE
8416630708,1,0,0,FALSE
8270092285,1,0,0,FALSE
3740539231,1,0,0,FALSE
4086861886,1,0,0,FALSE
4094450177,1,0,0,FALSE
11337203645,1,0,0,FALSE
5621426485,1,0,0,FALSE
932312221,1,0,0,FALSE
769659856,1,0,0,FALSE
10074910513,1,0,0,FALSE
289238063,1,0,0,FALSE
10690425471,1,0,0,FALSE
4315281919,1,0,0,FALSE
8860964604,1,0,0,FALSE
9459520559,1,0,0,FALSE
9754662538,1,0,0,FALSE
10058854918,1,0,0,FALSE
9256856572,1,0,0,FALSE
4247225959,1,0,0,FALSE
11210634072,1,1,0,FALSE
5654482380,1,0,0,FALSE
1197078734,1,0,0,FALSE
5008438791,1,0,0,FALSE
3933246560,1,0,0,FALSE
4066831090,1,0,0,FALSE
4431891498,1,0,0,FALSE
4147315521,1,0,0,FALSE
4433104677,1,0,0,FALSE
8753170116,1,0,0,FALSE
8849107026,1,0,0,FALSE
4186375737,1,0,0,FALSE
4148287089,1,1,0,FALSE
5275606071,1,0,0,FALSE
8590568664,1,0,0,FALSE
8318304710,1,0,0,FALSE
5329297840,1,0,0,FALSE
3703603285,1,0,0,FALSE
9422078609,1,0,0,FALSE
10800496625,1,0,0,FALSE
11210079060,1,0,0,FALSE
4238781901,1,0,0,FALSE
8950581953,1,0,0,FALSE
3708366686,1,0,0,FALSE
3962154942,1,0,0,FALSE
290019309,1,0,0,FALSE
11098420701,1,0,0,FALSE
8197454056,1,0,0,FALSE
4143899584,1,0,0,FALSE
10688708423,1,0,0,FALSE
9984038116,1,0,0,FALSE
3625043112,1,0,0,FALSE
10915145038,1,0,0,FALSE
8636733601,1,0,0,FALSE
4172401244,1,0,0,FALSE
7918868691,1,0,0,FALSE
7922278592,1,0,0,FALSE
10711680472,1,1,0,FALSE
8968996880,1,0,0,FALSE
4047220882,1,0,0,FALSE
4501673269,1,0,0,FALSE
3297700106,1,0,0,FALSE
267827993,1,0,0,FALSE
10312214632,1,0,0,FALSE
4380257666,1,0,0,FALSE
4414430333,1,0,0,FALSE
11169291546,1,1,0,FALSE
9520910854,1,0,0,FALSE
10881042254,1,0,0,FALSE
3339961971,1,0,0,FALSE
9189594950,1,0,0,FALSE
7839895222,1,0,0,FALSE
8034226149,1,0,0,FALSE
4100482020,1,0,0,FALSE
4238737874,1,0,0,FALSE
280811982,1,0,0,FALSE
4362248693,1,0,0,FALSE
8079981100,1,0,0,FALSE
3970433417,1,1,0,FALSE
1217632087,1,0,0,FALSE
9973919585,1,0,0,FALSE
4153903295,1,0,0,FALSE
4469922362,1,0,0,FALSE
3910791906,1,0,0,FALSE
3592368685,1,0,0,FALSE
10083725957,1,0,0,FALSE
886335851,1,1,0,FALSE
8002865523,1,0,0,FALSE
4208526419,1,0,0,FALSE
8045931454,1,0,0,FALSE
7918394534,1,0,0,FALSE
4131316581,1,0,0,FALSE
8591222666,1,0,0,FALSE
290224121,1,0,0,FALSE
3700954731,1,0,0,FALSE
1032594663,1,0,0,FALSE
7997512964,1,0,0,FALSE
8634145338,1,0,0,FALSE
4578316931,1,0,0,FALSE
10238056846,1,0,0,FALSE
9388344156,1,0,0,FALSE
11308807580,1,0,0,FALSE
8165892783,1,0,0,FALSE
4508055055,1,0,0,FALSE
4185224087,1,0,0,FALSE
752751833,1,0,0,FALSE
9736668073,1,0,0,FALSE
9614873896,1,0,0,FALSE
11289200169,1,1,0,FALSE
4141808858,1,0,0,FALSE
9078898642,1,0,0,FALSE
1224850038,1,0,0,FALSE
11422475410,1,0,0,FALSE
893528325,1,0,0,FALSE
5403513479,1,0,0,FALSE
7997177020,1,0,0,FALSE
4562678344,1,0,0,FALSE
8183650350,1,0,0,FALSE
4315855255,1,0,0,FALSE
8805634935,1,0,0,FALSE
5392617149,1,0,0,FALSE
3636102776,1,0,0,FALSE
7882941275,1,0,0,FALSE
1288576073,1,0,0,FALSE
8107279933,1,1,0,FALSE
733781428,1,0,0,FALSE
7858917091,1,1,0,FALSE
4949038587,1,0,0,FALSE
4047551380,1,0,0,FALSE
4120923440,1,0,0,FALSE
5760234631,1,0,0,FALSE
11360790178,1,0,0,FALSE
7900171343,1,0,0,FALSE
8478027515,1,0,0,FALSE
876936626,1,0,0,FALSE
5348939585,1,0,0,FALSE
5540258981,1,0,0,FALSE
1435378198,1,0,0,FALSE
3555897148,1,0,0,FALSE
277530959,1,0,0,FALSE
10368739671,1,0,0,FALSE
4477465114,1,0,0,FALSE
11021440024,1,0,0,FALSE
3820603344,1,0,0,FALSE
8222879434,1,0,0,FALSE
9039592581,1,0,0,FALSE
4914560224,1,0,0,FALSE
8165604061,1,0,0,FALSE
294651453,1,0,0,FALSE
319692735,1,0,0,FALSE
4350544217,1,0,0,FALSE
9601510296,1,0,0,FALSE
4147393912,1,0,0,FALSE
7841612358,1,0,0,FALSE
9912585949,1,0,0,FALSE
1007167900,1,0,0,FALSE
1216910872,1,0,0,FALSE
5007658888,1,0,0,FALSE
3770164821,1,0,0,FALSE
4133463908,1,0,0,FALSE
8135370233,1,0,0,FALSE
8746516475,1,0,0,FALSE
8010477035,1,0,0,FALSE
3618928761,1,0,0,FALSE
8143254897,1,1,0,FALSE
4052240189,1,0,0,FALSE
9594151278,1,0,0,FALSE
4423835556,1,0,0,FALSE
3974045212,1,0,0,FALSE
9131999590,1,1,0,FALSE
9038056633,1,0,0,FALSE
9620936608,1,0,0,FALSE
1258640917,1,0,0,FALSE
8242257980,1,0,0,FALSE
10680900513,1,0,0,FALSE
3684530114,1,0,0,FALSE
941859986,1,0,0,FALSE
8835761034,1,0,0,FALSE
7947968106,1,0,0,FALSE
8812636654,1,0,0,FALSE
4276862521,1,0,0,FALSE
4046652604,1,0,0,FALSE
3687156313,1,0,0,FALSE
1507749079,1,0,0,FALSE
4487626613,1,0,0,FALSE
741168084,1,0,0,FALSE
273398676,1,0,0,FALSE
9947860132,1,0,0,FALSE
4248675362,1,0,0,FALSE
10483785562,1,1,0,FALSE
7885543362,1,0,0,FALSE
4506283065,1,0,0,FALSE
3797824382,1,0,0,FALSE
8266703669,1,0,0,FALSE
9394591496,1,0,0,FALSE
7910581567,1,0,0,FALSE
311440442,1,0,0,FALSE
4584231404,1,0,0,FALSE
7875319122,1,0,0,FALSE
9716387356,1,0,0,FALSE
313086460,1,0,0,FALSE
4035395835,1,0,0,FALSE
4571495387,1,1,0,FALSE
8436578488,1,0,0,FALSE
297512245,1,0,0,FALSE
1273503466,1,0,0,FALSE
4129282988,1,0,0,FALSE
3518627887,1,0,0,FALSE
9767912529,1,0,0,FALSE
10155062685,1,0,0,FALSE
4260177042,1,0,0,FALSE
11410971012,1,0,0,FALSE
1138217529,1,0,0,FALSE
10313161160,1,0,0,FALSE
10655039891,1,0,0,FALSE
10419588676,1,1,0,FALSE
4393559885,1,0,0,FALSE
9724122248,1,0,0,FALSE
8401522973,1,0,0,FALSE
11198823637,1,0,0,FALSE
11385641154,1,0,0,FALSE
8767696147,1,0,0,FALSE
9407850406,1,0,0,FALSE
11078674704,1,0,0,FALSE
10322570829,1,0,0,FALSE
4094968335,1,0,0,FALSE
9882326241,1,0,0,FALSE
10526194135,1,0,0,FALSE
1441305423,1,0,0,FALSE
4405777667,1,0,0,FALSE
3677215819,1,0,0,FALSE
8419719217,1,0,0,FALSE
987115570,1,0,0,FALSE
3589229205,1,0,0,FALSE
9498602553,1,0,0,FALSE
11141064005,1,0,0,FALSE
8545969384,1,0,0,FALSE
318047266,1,0,0,FALSE
9214367412,1,0,0,FALSE
11142037266,1,0,0,FALSE
3800527578,1,0,0,FALSE
5358762359,1,0,0,FALSE
3940277519,1,0,0,FALSE
8084871168,1,0,0,FALSE
1224073068,1,0,0,FALSE
10857101121,1,0,0,FALSE
7898634602,1,0,0,FALSE
8409130497,1,1,0,FALSE
8206951989,1,0,0,FALSE
5525564166,1,0,0,FALSE
1067044889,1,1,0,FALSE
3573354276,1,1,0,FALSE
10889138162,1,0,0,FALSE
10599077124,1,0,0,FALSE
10509413228,1,0,0,FALSE
11313063317,1,0,0,FALSE
10440154808,1,0,0,FALSE
9551130605,1,0,0,FALSE
3689048030,1,0,0,FALSE
8076727882,1,0,0,FALSE
8187978179,1,0,0,FALSE
3551376180,1,0,0,FALSE
4500806361,1,0,0,FALSE
4422573116,1,0,0,FALSE
9047143777,1,0,0,FALSE
9425804461,1,0,0,FALSE
9321381374,1,0,0,FALSE
4148492225,1,0,0,FALSE
4159733003,1,0,0,FALSE
9589847274,1,0,0,FALSE
9153216644,1,0,0,FALSE
9934894795,1,0,0,FALSE
964472012,1,0,0,FALSE
4174701627,1,0,0,FALSE
4236888448,1,0,0,FALSE
10504708923,1,0,0,FALSE
4170546365,1,0,0,FALSE
8241301541,1,0,0,FALSE
10292179895,1,0,0,FALSE
4401737281,1,0,0,FALSE
5606088053,1,0,0,FALSE
5456310557,1,0,0,FALSE
3995408458,1,0,0,FALSE
8483617251,1,0,0,FALSE
3865638918,1,0,0,FALSE
10126531277,1,0,0,FALSE
1055123738,1,0,0,FALSE
4522410634,1,0,0,FALSE
7903753559,1,0,0,FALSE
3658724301,1,0,0,FALSE
8255389072,1,0,0,FALSE
304878267,1,0,0,FALSE
8170393268,1,0,0,FALSE
4167089998,1,0,0,FALSE
9403903135,1,0,0,FALSE
4261482574,1,0,0,FALSE
8917417705,1,1,0,FALSE
5650264973,1,0,0,FALSE
8425988436,1,0,0,FALSE
11041413750,1,0,0,FALSE
4133013394,1,0,0,FALSE
4195496595,1,0,0,FALSE
4079096077,1,0,0,FALSE
5315143241,1,0,0,FALSE
8159883234,1,0,0,FALSE
3619899934,1,0,0,FALSE
5348129755,1,0,0,FALSE
11040224375,1,0,0,FALSE
9035519184,1,0,0,FALSE
9053330705,1,0,0,FALSE
9788543443,1,0,0,FALSE
11216881436,1,0,0,FALSE
8972827035,1,0,0,FALSE
3401322934,1,0,0,FALSE
282393064,1,0,0,FALSE
320499271,1,0,0,FALSE
1312682365,1,0,0,FALSE
8512633085,1,0,0,FALSE
4142064349,1,0,0,FALSE
8206477607,1,0,0,FALSE
10709158961,1,0,0,FALSE
9675576615,1,0,0,FALSE
4023036490,1,0,0,FALSE
302089816,1,0,0,FALSE
8690476337,1,0,0,FALSE
8167627424,1,0,0,FALSE
8810163408,1,0,0,FALSE
1046642529,1,0,0,FALSE
4075156544,1,0,0,FALSE
3609657937,1,0,0,FALSE
1047811692,1,0,0,FALSE
4140592068,1,0,0,FALSE
9467752694,1,0,0,FALSE
4591899693,1,0,0,FALSE
3500669602,1,0,0,FALSE
10174928005,1,0,0,FALSE
9412154393,1,1,0,FALSE
9571395394,1,0,0,FALSE
4156740938,1,0,0,FALSE
4230526205,1,0,0,FALSE
7903880657,1,0,0,FALSE
5715811193,1,0,0,FALSE
9453412984,1,0,0,FALSE
8933697925,1,0,0,FALSE
4346731728,1,0,0,FALSE
4232545310,1,0,0,FALSE
1120257256,1,1,0,FALSE
8250258706,1,0,0,FALSE
7879575915,1,0,0,FALSE
3490720204,1,0,0,FALSE
4043488424,1,0,0,FALSE
4510724736,1,0,0,FALSE
3336766713,1,0,0,FALSE
3568001662,1,0,0,FALSE
10558369192,1,0,0,FALSE
1235606149,1,0,0,FALSE
8736267505,1,0,0,FALSE
4294867328,1,0,0,FALSE
9555732539,1,0,0,FALSE
1083893250,1,0,0,FALSE
10354031301,1,1,0,FALSE
5710713236,1,0,0,FALSE
321284629,1,0,0,FALSE
1302315143,1,0,0,FALSE
1400686284,1,0,0,FALSE
4175664329,1,0,0,FALSE
8096157748,1,0,0,FALSE
4457788615,1,0,0,FALSE
294768148,1,0,0,FALSE
4187406821,1,0,0,FALSE
4129439362,1,0,0,FALSE
9392927019,1,0,0,FALSE
9750217015,1,0,0,FALSE
4361092282,1,0,0,FALSE
8085123905,1,1,0,FALSE
9039253569,1,0,0,FALSE
4047231493,1,0,0,FALSE
9037307987,1,0,0,FALSE
4183153855,1,0,0,FALSE
9279629935,1,1,0,FALSE
11097233478,1,0,0,FALSE
8829569622,1,0,0,FALSE
3974869434,1,0,0,FALSE
10349677978,1,0,0,FALSE
10985942379,1,0,0,FALSE
298475280,1,0,0,FALSE
8941466117,1,0,0,FALSE
4511231532,1,1,0,FALSE
11410722937,1,0,0,FALSE
4261584643,1,0,0,FALSE
1124419131,1,0,0,FALSE
4055626762,1,0,0,FALSE
11064429772,1,0,0,FALSE
8185220597,1,0,0,FALSE
4972847590,1,0,0,FALSE
4962952130,1,0,0,FALSE
4333926850,1,0,0,FALSE
4512819818,1,0,0,FALSE
280430408,1,0,0,FALSE
293167490,1,0,0,FALSE
9317927689,1,0,0,FALSE
7910103099,1,0,0,FALSE
4157989635,1,0,0,FALSE
10541408556,1,0,0,FALSE
3323293503,1,0,0,FALSE
286871209,1,0,0,FALSE
4135797553,1,0,0,FALSE
11336874462,1,1,0,FALSE
8118791297,1,0,0,FALSE
3307176897,1,0,0,FALSE
8979078836,1,0,0,FALSE
309387498,1,0,0,FALSE
314272334,1,0,0,FALSE
9299272009,1,1,0,FALSE
8546969086,1,0,0,FALSE
8623646989,1,0,0,FALSE
4151376006,1,0,0,FALSE
1137455085,1,1,0,FALSE
4225369901,1,0,0,FALSE
3332621494,1,0,0,FALSE
8595566702,1,0,0,FALSE
3933399589,1,0,0,FALSE
7995539446,1,0,0,FALSE
3994419495,1,0,0,FALSE
9447478224,1,0,0,FALSE
4074078805,1,0,0,FALSE
4202156348,1,0,0,FALSE
1611850931,1,0,0,FALSE
9172506812,1,0,0,FALSE
8065093543,1,0,0,FALSE
8688230530,1,0,0,FALSE
8314647411,1,0,0,FALSE
9124345531,1,0,0,FALSE
4412143903,1,0,0,FALSE
4941625408,1,0,0,FALSE
11193966557,1,1,0,FALSE
9509398806,1,0,0,FALSE
4045140056,1,0,0,FALSE
3486989572,1,0,0,FALSE
3684993030,1,0,0,FALSE
11199199243,1,0,0,FALSE
5544248436,1,0,0,FALSE
3695359522,1,0,0,FALSE
9367883496,1,0,0,FALSE
5670464195,1,0,0,FALSE
9478197404,1,0,0,FALSE
9956475992,1,0,0,FALSE
4495115806,1,0,0,FALSE
1071707699,1,0,0,FALSE
4015491155,1,0,0,FALSE
1149494876,1,0,0,FALSE
4481405368,1,0,0,FALSE
4387044047,1,0,0,FALSE
3399308275,1,0,0,FALSE
8475334384,1,0,0,FALSE
10404597292,1,1,0,FALSE
3963104568,1,0,0,FALSE
10903695677,1,0,0,FALSE
10534022475,1,0,0,FALSE
9002244761,1,0,0,FALSE
8690239808,1,0,0,FALSE
3988984389,1,0,0,FALSE
10271582964,1,0,0,FALSE
10654139611,1,1,0,FALSE
3879383529,1,0,0,FALSE
8069175797,1,0,0,FALSE
10955595400,1,0,0,FALSE
11225183635,1,0,0,FALSE
3998346137,1,0,0,FALSE
11231922879,1,0,0,FALSE
934394731,1,0,0,FALSE
8726633602,1,0,0,FALSE
4033875960,1,0,0,FALSE
5559637582,1,0,0,FALSE
4484229655,1,0,0,FALSE
3502713662,1,0,0,FALSE
278932772,1,0,0,FALSE
3889615210,1,0,0,FALSE
9317993271,1,0,0,FALSE
4376171505,1,0,0,FALSE
10306620054,1,0,0,FALSE
7880178475,1,1,0,FALSE
10067514029,1,0,0,FALSE
1200556181,1,0,0,FALSE
301568671,1,0,0,FALSE
7896756249,1,0,0,FALSE
8045555371,1,0,0,FALSE
3622121509,1,0,0,FALSE
3279832414,1,0,0,FALSE
9292277368,1,0,0,FALSE
1222180955,1,0,0,FALSE
4349529980,1,0,0,FALSE
3591961380,1,1,0,FALSE
3951310838,1,0,0,FALSE
11157639127,1,0,0,FALSE
8009884565,1,0,0,FALSE
5009011261,1,0,0,FALSE
4034642804,1,0,0,FALSE
3977025534,1,0,0,FALSE
285746443,1,0,0,FALSE
10700164925,1,0,0,FALSE
1650986602,1,0,0,FALSE
4036153155,1,0,0,FALSE
8685271233,1,0,0,FALSE
9867358638,1,0,0,FALSE
9694613379,1,0,0,FALSE
11439127515,1,0,0,FALSE
308312637,1,0,0,FALSE
9532605683,1,0,0,FALSE
10006021739,1,0,0,FALSE
4059099607,1,0,0,FALSE
4921016471,1,0,0,FALSE
4378149209,1,0,0,FALSE
9905853185,1,0,0,FALSE
8758180639,1,0,0,FALSE
9354723224,1,0,0,FALSE
1239236791,1,0,0,FALSE
10432663590,1,0,0,FALSE
302008301,1,0,0,FALSE
4154737279,1,0,0,FALSE
920105301,1,0,0,FALSE
4426895599,1,0,0,FALSE
4284811678,1,0,0,FALSE
1305616566,1,0,0,FALSE
4157773544,1,0,0,FALSE
8184208178,1,0,0,FALSE
8265133339,1,1,0,FALSE
4052868516,1,0,0,FALSE
4158711055,1,0,0,FALSE
4244955800,1,0,0,FALSE
4191912192,1,0,0,FALSE
9022714161,1,0,0,FALSE
4114268610,1,0,0,FALSE
9642189521,1,0,0,FALSE
4990680333,1,0,0,FALSE
11020934243,1,0,0,FALSE
3962607778,1,0,0,FALSE
10655009380,1,0,0,FALSE
1105831127,1,0,0,FALSE
4172248418,1,0,0,FALSE
8377012997,1,0,0,FALSE
3687276653,1,0,0,FALSE
1110509514,1,0,0,FALSE
8481827973,1,0,0,FALSE
8754216934,1,0,0,FALSE
7911907997,1,0,0,FALSE
4433670859,1,0,0,FALSE
8769950168,1,0,0,FALSE
1063056361,1,0,0,FALSE
3372597801,1,0,0,FALSE
4171041616,1,0,0,FALSE
8105582688,1,0,0,FALSE
10326976416,1,0,0,FALSE
4295557031,1,0,0,FALSE
4382385507,1,0,0,FALSE
3364050017,1,1,0,FALSE
10685012592,1,0,0,FALSE
3969639257,0,0,0,FALSE
3654326255,0,0,0,FALSE
9554165747,0,0,0,FALSE
8837005291,0,0,0,FALSE
4055086483,0,0,0,FALSE
4013553141,0,0,0,FALSE
10337443004,0,0,0,FALSE
4042056019,0,0,0,FALSE
3945545620,0,0,0,FALSE
3974502908,0,0,0,FALSE
8066370470,0,0,0,FALSE
4098824822,0,0,0,FALSE
826250332,0,1,0,FALSE
4111143352,0,0,0,FALSE
4196135655,0,0,0,FALSE
4371368001,0,0,0,FALSE
10792534336,0,0,0,FALSE
275921779,0,0,0,FALSE
10960786149,0,0,0,FALSE
4174137624,0,1,0,FALSE
8202009233,0,0,0,FALSE
4319881168,0,1,0,FALSE
284747427,0,0,0,FALSE
3661864672,0,0,0,FALSE
4371914392,0,0,0,FALSE
4333646662,0,0,0,FALSE
1460999133,0,0,0,FALSE
4052923541,0,0,0,FALSE
7879367574,0,0,0,FALSE
4175002602,0,0,0,FALSE
11153544722,0,0,0,FALSE
4479155907,0,0,0,FALSE
9384170823,0,0,0,FALSE
3330391854,0,0,0,FALSE
723392515,0,0,0,FALSE
1297173227,0,1,0,FALSE
4387258275,0,0,0,FALSE
3625111099,0,0,0,FALSE
4144253507,0,0,0,FALSE
310406676,0,0,0,FALSE
3699543006,0,0,0,FALSE
9401925647,0,0,0,FALSE
8314695580,0,0,0,FALSE
10910525323,0,1,0,FALSE
4075774520,0,0,0,FALSE
718421376,0,1,0,FALSE
4495727753,0,0,0,FALSE
4155593007,0,0,0,FALSE
1405345481,0,0,0,FALSE
4148633651,0,0,0,FALSE
4174836394,0,0,0,FALSE
5310132026,0,0,0,FALSE
8876602824,0,0,0,FALSE
277460119,0,0,0,FALSE
8044999174,0,0,0,FALSE
3627035362,0,1,0,FALSE
9470291197,0,1,0,FALSE
10450589304,0,1,0,FALSE
9805605239,0,0,0,FALSE
3783140528,0,0,0,FALSE
4458168845,0,0,0,FALSE
11430409339,0,0,0,FALSE
8319283083,0,0,0,FALSE
3749151360,0,0,0,FALSE
4186090030,0,0,0,FALSE
1165335821,0,1,0,FALSE
10350350583,0,0,0,FALSE
4431664652,0,0,0,FALSE
3634537516,0,0,0,FALSE
3986730573,0,0,0,FALSE
4071122800,0,0,0,FALSE
1434695539,0,1,0,FALSE
11188916820,0,0,0,FALSE
3313193853,0,0,0,FALSE
3568601855,0,0,0,FALSE
4245433303,0,0,0,FALSE
4343065732,0,0,0,FALSE
3958764030,0,1,0,FALSE
4042524992,0,0,0,FALSE
10351233032,0,0,0,FALSE
8566783259,0,0,0,FALSE
4365099748,0,0,0,FALSE
10216860399,0,0,0,FALSE
3513461349,0,0,0,FALSE
7882770365,0,0,0,FALSE
8817286843,0,0,0,FALSE
1600412070,0,0,0,FALSE
743299625,0,0,0,FALSE
8168038975,0,0,0,FALSE
3706341414,0,0,0,FALSE
3909329044,0,0,0,FALSE
10165395968,0,1,0,FALSE
5002191588,0,0,0,FALSE
5324396184,0,0,0,FALSE
3986944882,0,0,0,FALSE
3350779418,0,0,0,FALSE
278895567,0,0,0,FALSE
8731194910,0,0,0,FALSE
7885076307,0,0,0,FALSE
4262112643,0,1,0,FALSE
4286632402,0,0,0,FALSE
11182025397,0,1,0,FALSE
8434557322,0,1,0,FALSE
5535709708,0,0,0,FALSE
3880984540,0,0,0,FALSE
688984011,0,0,0,FALSE
757954569,0,0,0,FALSE
4052230513,0,0,0,FALSE
3667708745,0,0,0,FALSE
1270561836,0,1,0,FALSE
9988856615,0,0,0,FALSE
3347213284,0,1,0,FALSE
9251522346,0,0,0,FALSE
4035268494,0,0,0,FALSE
1636107834,0,0,0,FALSE
9538606095,0,0,0,FALSE
8879100646,0,1,0,FALSE
8727556076,0,0,0,FALSE
4125878325,0,0,0,FALSE
3634296749,0,0,0,FALSE
289570091,0,0,0,FALSE
8926382548,0,0,0,FALSE
4033097281,0,0,0,FALSE
3820771069,0,0,0,FALSE
8048744763,0,1,0,FALSE
11315102573,0,0,0,FALSE
11121444764,0,0,0,FALSE
4424937488,0,0,0,FALSE
4226601442,0,1,0,FALSE
279395895,0,0,0,FALSE
9817938835,0,0,0,FALSE
5411745325,0,1,0,FALSE
3628139733,0,1,0,FALSE
8334532207,0,0,0,FALSE
4179036555,0,0,0,FALSE
3733131675,0,0,0,FALSE
4244021941,0,0,0,FALSE
5629784727,0,0,0,FALSE
10674750069,0,0,0,FALSE
9280815947,0,0,0,FALSE
4168125112,0,0,0,FALSE
9718688222,0,0,0,FALSE
4177080026,0,0,0,FALSE
293094176,0,0,0,FALSE
4464637214,0,0,0,FALSE
4059587768,0,0,0,FALSE
8186635332,0,0,0,FALSE
8703012899,0,0,0,FALSE
5783787710,0,1,0,FALSE
11341447488,0,0,0,FALSE
3960818903,0,0,0,FALSE
4127655904,0,0,0,FALSE
1540848481,0,1,0,FALSE
3323327271,0,0,0,FALSE
3651996899,0,1,0,FALSE
3842263210,0,0,0,FALSE
10937421718,0,0,0,FALSE
4202905292,0,0,0,FALSE
3552792563,0,1,0,FALSE
1407321140,0,0,0,FALSE
4166423881,0,0,0,FALSE
3652120932,0,0,0,FALSE
8188971560,0,1,0,FALSE
9255303512,0,0,0,FALSE
5572522461,0,1,0,FALSE
5004205445,0,0,0,FALSE
4024670981,0,0,0,FALSE
5373303896,0,0,0,FALSE
4058071899,0,0,0,FALSE
1223919161,0,1,0,FALSE
268936973,0,0,0,FALSE
9725798860,0,0,0,FALSE
4176765542,0,0,0,FALSE
3668757713,0,0,0,FALSE
5365446549,0,0,0,FALSE
8695598487,0,0,0,FALSE
3760500572,0,0,0,FALSE
271913730,0,0,0,FALSE
4348595726,0,1,0,FALSE
7917032437,0,0,0,FALSE
4401986131,0,0,0,FALSE
9030240380,0,0,0,FALSE
4076885201,0,1,0,FALSE
5771174135,0,0,0,FALSE
4490745383,0,1,0,FALSE
4189165050,0,0,0,FALSE
8782031266,0,0,0,FALSE
4169484977,0,1,0,FALSE
5320566695,0,0,0,FALSE
7896919103,0,0,0,FALSE
3367034731,0,1,0,FALSE
3882481193,0,0,0,FALSE
9773845129,0,1,0,FALSE
3340624416,0,0,0,FALSE
7932034405,0,0,0,FALSE
5436257524,0,0,0,FALSE
10689802201,0,0,0,FALSE
4155646099,0,0,0,FALSE
11328774213,0,0,0,FALSE
272559508,0,0,0,FALSE
8405439097,0,0,0,FALSE
4324984779,0,0,0,FALSE
268455977,0,0,0,FALSE
3593730078,0,0,0,FALSE
4490743268,0,0,0,FALSE
3590840279,0,0,0,FALSE
723095849,0,1,0,FALSE
4053905379,0,0,0,FALSE
4054018966,0,0,0,FALSE
9817639161,0,0,0,FALSE
9763751588,0,0,0,FALSE
4161805985,0,1,0,FALSE
9629243934,0,0,0,FALSE
8368591133,0,0,0,FALSE
3825301511,0,0,0,FALSE
3705507279,0,0,0,FALSE
9150354547,0,1,0,FALSE
3963066886,0,1,0,FALSE
4348335157,0,0,0,FALSE
1457025803,0,1,0,FALSE
4128994204,0,0,0,FALSE
9252969212,0,0,0,FALSE
4429176871,0,0,0,FALSE
313101615,0,0,0,FALSE
3965539553,0,0,0,FALSE
4546804556,0,0,0,FALSE
10378819837,0,0,0,FALSE
4122170174,0,0,0,FALSE
4212055109,0,0,0,FALSE
3808304968,0,0,0,FALSE
311897815,0,0,0,FALSE
296675417,0,0,0,FALSE
4412680303,0,1,0,FALSE
296335810,0,0,0,FALSE
4345091423,0,0,0,FALSE
9416496109,0,0,0,FALSE
10706745315,0,0,0,FALSE
11349933527,0,0,0,FALSE
1644573041,0,0,0,FALSE
3852979192,0,0,0,FALSE
3760259823,0,0,0,FALSE
10655615891,0,0,0,FALSE
4001911900,0,0,0,FALSE
9496853171,0,0,0,FALSE
3629278486,0,0,0,FALSE
10752411356,0,0,0,FALSE
8804420395,0,0,0,FALSE
3848504148,0,0,0,FALSE
4067885449,0,0,0,FALSE
4069084266,0,0,0,FALSE
5361450351,0,0,0,FALSE
10056820577,0,0,0,FALSE
7867742026,0,0,0,FALSE
10648725998,0,0,0,FALSE
11352198801,0,1,0,FALSE
9747884073,0,0,0,FALSE
5526308752,0,0,0,FALSE
9181255457,0,0,0,FALSE
5524641648,0,0,0,FALSE
11397931674,0,1,0,FALSE
3917438284,0,0,0,FALSE
4536179826,0,0,0,FALSE
300935199,0,0,0,FALSE
8713463919,0,1,0,FALSE
10693693693,0,0,0,FALSE
11396815937,0,0,0,FALSE
5366064243,0,0,0,FALSE
1169834135,0,0,0,FALSE
3330265610,0,1,0,FALSE
8771938673,0,0,0,FALSE
4180937427,0,0,0,FALSE
4516909397,0,0,0,FALSE
4351119964,0,0,0,FALSE
4156379976,0,1,0,FALSE
5347688992,0,0,0,FALSE
5356396350,0,0,0,FALSE
1579496657,0,0,0,FALSE
9370511160,0,1,0,FALSE
4222250880,0,0,0,FALSE
9319181757,0,0,0,FALSE
11007859743,0,0,0,FALSE
1338570473,0,1,0,FALSE
5719498556,0,0,0,FALSE
4057878877,0,0,0,FALSE
5366253586,0,0,0,FALSE
1648472388,0,0,0,FALSE
4084426063,0,0,0,FALSE
3629542248,0,0,0,FALSE
3750143747,0,0,0,FALSE
5678902886,0,0,0,FALSE
282366866,0,0,0,FALSE
4133316190,0,1,0,FALSE
10526344390,0,0,0,FALSE
9028902216,0,0,0,FALSE
9365529330,0,0,0,FALSE
4128680635,0,0,0,FALSE
4516754317,0,0,0,FALSE
4015533761,0,0,0,FALSE
1607151743,0,1,0,FALSE
10484845320,0,1,0,FALSE
8871716494,0,0,0,FALSE
8162147011,0,0,0,FALSE
9252062083,0,0,0,FALSE
10145024088,0,0,0,FALSE
8533287049,0,0,0,FALSE
8592988242,0,0,0,FALSE
4257883286,0,0,0,FALSE
9051728384,0,0,0,FALSE
3673927851,0,0,0,FALSE
727379523,0,1,0,FALSE
282059786,0,0,0,FALSE
4033719774,0,0,0,FALSE
9180594515,0,0,0,FALSE
4087210715,0,0,0,FALSE
4121257188,0,0,0,FALSE
1286266008,0,0,0,FALSE
3324029413,0,0,0,FALSE
8997830209,0,0,0,FALSE
279970021,0,0,0,FALSE
4175609816,0,0,0,FALSE
9440877035,0,1,0,FALSE
10522719806,0,0,0,FALSE
4414557243,0,0,0,FALSE
3371594931,0,0,0,FALSE
4249256690,0,0,0,FALSE
8932520301,0,0,0,FALSE
8458839660,0,0,0,FALSE
9855560768,0,0,0,FALSE
11214880774,0,0,0,FALSE
10652152340,0,0,0,FALSE
4213923528,0,1,0,FALSE
10688910185,0,0,0,FALSE
3371231322,0,0,0,FALSE
3665586222,0,0,0,FALSE
9118228170,0,1,0,FALSE
4165887815,0,0,0,FALSE
10711063226,0,1,0,FALSE
4157030854,0,0,0,FALSE
5737700361,0,0,0,FALSE
1361128458,0,0,0,FALSE
3766220690,0,0,0,FALSE
4440389526,0,0,0,FALSE
3665866285,0,0,0,FALSE
4249998570,0,0,0,FALSE
4183981216,0,0,0,FALSE
4257002517,0,0,0,FALSE
4293695825,0,0,0,FALSE
4017331789,0,0,0,FALSE
8741835605,0,1,0,FALSE
9000702513,0,0,0,FALSE
9006409922,0,1,0,FALSE
11158202290,0,1,0,FALSE
3650467590,0,0,0,FALSE
3295471851,0,0,0,FALSE
4057963999,0,0,0,FALSE
9317226281,0,0,0,FALSE
3372813639,0,1,0,FALSE
4555769992,0,0,0,FALSE
10104384871,0,1,0,FALSE
1519081945,0,0,0,FALSE
5476158337,0,0,0,FALSE
4494778651,0,0,0,FALSE
1574106946,0,0,0,FALSE
8306425366,0,0,0,FALSE
275574865,0,0,0,FALSE
9864815059,0,0,0,FALSE
7996336763,0,0,0,FALSE
4088321971,0,0,0,FALSE
4402359523,0,0,0,FALSE
9888496054,0,0,0,FALSE
4354980378,0,0,0,FALSE
8923372661,0,0,0,FALSE
3300035319,0,0,0,FALSE
3604014940,0,0,0,FALSE
291877377,0,0,0,FALSE
4062218105,0,0,0,FALSE
4310343162,0,0,0,FALSE
3958620723,0,0,0,FALSE
707008337,0,1,0,FALSE
9223353169,0,0,0,FALSE
9410655463,0,0,0,FALSE
7901411534,0,0,0,FALSE
4057601981,0,0,0,FALSE
4562248332,0,0,0,FALSE
9701418357,0,0,0,FALSE
5665116692,0,1,0,FALSE
1459793168,0,1,0,FALSE
302451507,0,0,0,FALSE
5428282015,0,0,0,FALSE
4059436026,0,0,0,FALSE
4143554243,0,0,0,FALSE
4326844123,0,0,0,FALSE
1073115791,0,0,0,FALSE
11216994530,0,0,0,FALSE
10539073551,0,0,0,FALSE
4422482234,0,1,0,FALSE
285934525,0,0,0,FALSE
9949737153,0,0,0,FALSE
10216721762,0,0,0,FALSE
3821291043,0,0,0,FALSE
286830457,0,0,0,FALSE
4204976164,0,0,0,FALSE
3641159208,0,0,0,FALSE
4228937031,0,0,0,FALSE
4015491650,0,0,0,FALSE
9370034018,0,0,0,FALSE
9714901105,0,1,0,FALSE
8317316709,0,1,0,FALSE
4408451375,0,0,0,FALSE
3988577679,0,0,0,FALSE
8339540911,0,1,0,FALSE
4093640511,0,0,0,FALSE
9360889457,0,0,0,FALSE
301305430,0,0,0,FALSE
7896894534,0,0,0,FALSE
306170097,0,0,0,FALSE
290139982,0,1,0,FALSE
4466334522,0,0,0,FALSE
8262541430,0,0,0,FALSE
3638035326,0,0,0,FALSE
10609010095,0,0,0,FALSE
9189285674,0,0,0,FALSE
9336880932,0,0,0,FALSE
10294890170,0,1,0,FALSE
4319376529,0,0,0,FALSE
4567150656,0,0,0,FALSE
3567882891,0,1,0,FALSE
4491981704,0,1,0,FALSE
9842371599,0,0,0,FALSE
4336885022,0,0,0,FALSE
3593984086,0,0,0,FALSE
3500619607,0,0,0,FALSE
5598029339,0,0,0,FALSE
4401113300,0,0,0,FALSE
9283773561,0,0,0,FALSE
290740678,0,0,0,FALSE
3818258882,0,1,0,FALSE
3818262102,0,1,0,FALSE
8276921921,0,0,0,FALSE
3750388926,0,1,0,FALSE
4042480234,0,0,0,FALSE
4029904766,0,0,0,FALSE
4519586869,0,0,0,FALSE
10013241320,0,0,0,FALSE
3336362126,0,0,0,FALSE
3701241597,0,0,0,FALSE
4198634161,0,0,0,FALSE
4509044560,0,0,0,FALSE
4207759575,0,0,0,FALSE
4208881503,0,0,0,FALSE
4480735435,0,0,0,FALSE
4326877064,0,0,0,FALSE
281086606,0,0,0,FALSE
4071688100,0,0,0,FALSE
4145565410,0,1,0,FALSE
3678786291,0,0,0,FALSE
11008582569,0,1,0,FALSE
9074924206,0,1,0,FALSE
4464388761,0,1,0,FALSE
4259518421,0,0,0,FALSE
8598558896,0,0,0,FALSE
10780956454,0,0,0,FALSE
4058108546,0,1,0,FALSE
4351012656,0,0,0,FALSE
3593689660,0,1,0,FALSE
4062335691,0,0,0,FALSE
4391699316,0,0,0,FALSE
4051250460,0,1,0,FALSE
4171713124,0,0,0,FALSE
5435981864,0,0,0,FALSE
3744853432,0,0,0,FALSE
4144867650,0,0,0,FALSE
11254955180,0,0,0,FALSE
310140987,0,0,0,FALSE
3721424833,0,0,0,FALSE
3776339520,0,0,0,FALSE
10785897442,0,0,0,FALSE
3799635009,0,0,0,FALSE
10289613210,0,0,0,FALSE
8927386066,0,0,0,FALSE
5660151124,0,1,0,FALSE
278483294,0,0,0,FALSE
10016542662,0,0,0,FALSE
280995312,0,0,0,FALSE
3342631072,0,0,0,FALSE
4057885635,0,0,0,FALSE
7885238640,0,0,0,FALSE
4490943266,0,0,0,FALSE
3706809415,0,0,0,FALSE
5662184991,0,0,0,FALSE
4276089647,0,0,0,FALSE
4162993795,0,0,0,FALSE
4329067895,0,0,0,FALSE
9544989542,0,0,0,FALSE
3622691958,0,0,0,FALSE
3832943283,0,0,0,FALSE
4137499976,0,1,0,FALSE
3662579621,0,0,0,FALSE
4001781987,0,0,0,FALSE
4204865509,0,0,0,FALSE
9862066307,0,0,0,FALSE
8336907234,0,0,0,FALSE
8124378585,0,0,0,FALSE
4068099847,0,0,0,FALSE
1466356703,0,0,0,FALSE
9614562549,0,0,0,FALSE
3325079480,0,0,0,FALSE
3752684798,0,0,0,FALSE
4241942944,0,0,0,FALSE
9180829172,0,0,0,FALSE
10195992856,0,0,0,FALSE
3688746450,0,0,0,FALSE
4344108850,0,0,0,FALSE
7939322862,0,0,0,FALSE
5660107303,0,0,0,FALSE
4304136909,0,0,0,FALSE
4205605669,0,0,0,FALSE
5558957191,0,0,0,FALSE
10630219351,0,0,0,FALSE
4045368838,0,0,0,FALSE
9498695533,0,0,0,FALSE
8292975980,0,0,0,FALSE
3837830874,0,1,0,FALSE
3756506652,0,0,0,FALSE
1403755336,0,0,0,FALSE
4202609480,0,0,0,FALSE
3330609906,0,1,0,FALSE
10076738379,0,0,0,FALSE
1270317404,0,1,0,FALSE
3846258803,0,0,0,FALSE
7896731660,0,0,0,FALSE
4261934967,0,0,0,FALSE
1262843971,0,0,0,FALSE
4059659696,0,0,0,FALSE
4242034482,0,0,0,FALSE
11339904625,0,0,0,FALSE
3751117286,0,0,0,FALSE
10546914690,0,1,0,FALSE
272409360,0,0,0,FALSE
7888321820,0,0,0,FALSE
1636141403,0,0,0,FALSE
3663266564,0,0,0,FALSE
3347227225,0,1,0,FALSE
5665825587,0,0,0,FALSE
10171138883,0,0,0,FALSE
3997955420,0,0,0,FALSE
10470038231,0,0,0,FALSE
1305424217,0,0,0,FALSE
10759670220,0,0,0,FALSE
8775053093,0,0,0,FALSE
1294906455,0,0,0,FALSE
8167404818,0,0,0,FALSE
4198374764,0,0,0,FALSE
9620625388,0,0,0,FALSE
5323994398,0,1,0,FALSE
5702971323,0,0,0,FALSE
1055646909,0,1,0,FALSE
3716518026,0,0,0,FALSE
9531260993,0,0,0,FALSE
9664086455,0,0,0,FALSE
4211394746,0,0,0,FALSE
4178096767,0,0,0,FALSE
3358368645,0,1,0,FALSE
3578923789,0,1,0,FALSE
9790137937,0,0,0,FALSE
8521171165,0,0,0,FALSE
1056176926,0,1,0,FALSE
9000795250,0,0,0,FALSE
8301134296,0,0,0,FALSE
8386334408,0,0,0,FALSE
11063251240,0,0,0,FALSE
4252663658,0,0,0,FALSE
3946842890,0,0,0,FALSE
8451546091,0,0,0,FALSE
4502227092,0,1,0,FALSE
3720803482,0,0,0,FALSE
307237614,0,0,0,FALSE
10709659802,0,1,0,FALSE
4414031561,0,0,0,FALSE
11400939286,0,1,0,FALSE
8334563528,0,0,0,FALSE
4483257864,0,1,0,FALSE
9043261925,0,0,0,FALSE
1022774127,0,1,0,FALSE
4144536738,0,0,0,FALSE
5316594923,0,0,0,FALSE
3666549268,0,0,0,FALSE
5498313752,0,1,0,FALSE
8075271638,0,0,0,FALSE
3944658312,0,0,0,FALSE
10522274413,0,0,0,FALSE
773258692,0,1,0,FALSE
7885158982,0,0,0,FALSE
4013564860,0,0,0,FALSE
1321047535,0,0,0,FALSE
10149795753,0,0,0,FALSE
1508725083,0,0,0,FALSE
4292839855,0,0,0,FALSE
10674751293,0,0,0,FALSE
4203849159,0,1,0,FALSE
4388905752,0,0,0,FALSE
3361726562,0,0,0,FALSE
9245821262,0,0,0,FALSE
4291151363,0,0,0,FALSE
4530802122,0,0,0,FALSE
8807426897,0,0,0,FALSE
4090702670,0,1,0,FALSE
1302029826,0,0,0,FALSE
7900956144,0,0,0,FALSE
4362118589,0,0,0,FALSE
1446817839,0,1,0,FALSE
4069070117,0,0,0,FALSE
11323356335,0,0,0,FALSE
4059007437,0,0,0,FALSE
3885034419,0,0,0,FALSE
7897204763,0,0,0,FALSE
8539222653,0,0,0,FALSE
9365851675,0,0,0,FALSE
1427601903,0,0,0,FALSE
8934844876,0,0,0,FALSE
5654165085,0,0,0,FALSE
767277421,0,0,0,FALSE
10096219272,0,0,0,FALSE
9269442209,0,0,0,FALSE
295741560,0,0,0,FALSE
11362204004,0,1,0,FALSE
10655636627,0,0,0,FALSE
9389576149,0,0,0,FALSE
3592522854,0,0,0,FALSE
11028642216,0,0,0,FALSE
4010930804,0,0,0,FALSE
4114032792,0,0,0,FALSE
4427328353,0,0,0,FALSE
8962557201,0,0,0,FALSE
3637367097,0,0,0,FALSE
914681914,0,0,0,FALSE
3808223274,0,0,0,FALSE
10191647415,0,0,0,FALSE
4388934507,0,0,0,FALSE
8726630885,0,0,0,FALSE
277570540,0,0,0,FALSE
10956705857,0,1,0,FALSE
294710493,0,0,0,FALSE
11342304979,0,0,0,FALSE
10100242164,0,0,0,FALSE
3308198070,0,0,0,FALSE
3968238712,0,0,0,FALSE
9104614860,0,0,0,FALSE
10912609551,0,0,0,FALSE
3546740679,0,1,0,FALSE
7898503977,0,0,0,FALSE
9052610662,0,0,0,FALSE
9378406217,0,0,0,FALSE
4346867962,0,0,0,FALSE
4212288129,0,1,0,FALSE
7896800131,0,1,0,FALSE
5313701731,0,0,0,FALSE
276646701,0,0,0,FALSE
9876493254,0,0,0,FALSE
3395789089,0,1,0,FALSE
9521833002,0,1,0,FALSE
3327435651,0,1,0,FALSE
4042207165,0,0,0,FALSE
3530716178,0,0,0,FALSE
4220496765,0,1,0,FALSE
4319587390,0,0,0,FALSE
9631848581,0,0,0,FALSE
7896831001,0,0,0,FALSE
9947258582,0,0,0,FALSE
10951566356,0,0,0,FALSE
10308817205,0,0,0,FALSE
4233055799,0,0,0,FALSE
3596580780,0,0,0,FALSE
8165476712,0,0,0,FALSE
10010104002,0,0,0,FALSE
4557803881,0,0,0,FALSE
3808269184,0,0,0,FALSE
8943564396,0,0,0,FALSE
4148946979,0,0,0,FALSE
4158137288,0,0,0,FALSE
4032659774,0,0,0,FALSE
4317176642,0,1,0,FALSE
279718139,0,0,0,FALSE
4175104627,0,1,0,FALSE
5523571315,0,0,0,FALSE
4518476709,0,0,0,FALSE
4206107533,0,0,0,FALSE
5549572796,0,0,0,FALSE
4465802309,0,0,0,FALSE
4026451386,0,0,0,FALSE
10531597617,0,0,0,FALSE
9363455886,0,1,0,FALSE
3547396958,0,0,0,FALSE
4200673294,0,0,0,FALSE
3682301301,0,0,0,FALSE
9314945794,0,0,0,FALSE
4115840576,0,0,0,FALSE
3782515877,0,0,0,FALSE
9463854356,0,0,0,FALSE
9845169562,0,0,0,FALSE
10070872875,0,0,0,FALSE
4169315091,0,0,0,FALSE
7926302451,0,0,0,FALSE
8596043152,0,0,0,FALSE
10441274075,0,0,0,FALSE
711389204,0,0,0,FALSE
3709661225,0,0,0,FALSE
9755648559,0,0,0,FALSE
1256217461,0,0,0,FALSE
1216702404,0,1,0,FALSE
3657994231,0,0,0,FALSE
9365970178,0,0,0,FALSE
3969507947,0,0,0,FALSE
4478881335,0,0,0,FALSE
4344330376,0,0,0,FALSE
1632342750,0,0,0,FALSE
7925233945,0,0,0,FALSE
3791307854,0,0,0,FALSE
7851558462,0,0,0,FALSE
4265983246,0,1,0,FALSE
3994504904,0,0,0,FALSE
4361391262,0,1,0,FALSE
10079520878,0,0,0,FALSE
8993467058,0,0,0,FALSE
8399188454,0,0,0,FALSE
4127947018,0,1,0,FALSE
8902336620,0,0,0,FALSE
9004329961,0,1,0,FALSE
3665270420,0,0,0,FALSE
4175007878,0,1,0,FALSE
9319255430,0,0,0,FALSE
8432743275,0,0,0,FALSE
4518672567,0,1,0,FALSE
4458254407,0,0,0,FALSE
7896707478,0,0,0,FALSE
7933067091,0,0,0,FALSE
307653685,0,0,0,FALSE
1576116969,0,1,0,FALSE
3703232502,0,0,0,FALSE
10694063015,0,0,0,FALSE
4264788910,0,0,0,FALSE
9430778111,0,0,0,FALSE
8624162820,0,1,0,FALSE
4074618922,0,0,0,FALSE
4144162544,0,1,0,FALSE
3324216028,0,1,0,FALSE
4166918161,0,0,0,FALSE
10567094335,0,0,0,FALSE
9948112906,0,0,0,FALSE
3945982184,0,0,0,FALSE
1598417264,0,0,0,FALSE
9958623452,0,0,0,FALSE
5338025757,0,0,0,FALSE
5614533758,0,0,0,FALSE
3917647930,0,0,0,FALSE
4202966754,0,0,0,FALSE
9476312337,0,0,0,FALSE
3704624504,0,0,0,FALSE
4127625349,0,0,0,FALSE
4429950916,0,0,0,FALSE
4101961748,0,0,0,FALSE
10679029674,0,0,0,FALSE
4170666173,0,0,0,FALSE
4143855870,0,0,0,FALSE
9320908794,0,0,0,FALSE
284432930,0,0,0,FALSE
4313586113,0,0,0,FALSE
277479218,0,0,0,FALSE
4241810526,0,1,0,FALSE
9398352161,0,0,0,FALSE
4317163178,0,1,0,FALSE
8570913259,0,0,0,FALSE
5725926207,0,1,0,FALSE
3814607501,0,0,0,FALSE
3985950471,0,0,0,FALSE
10782229880,0,0,0,FALSE
4155954565,0,0,0,FALSE
10485807475,0,0,0,FALSE
3842718198,0,0,0,FALSE
4182181613,0,0,0,FALSE
4003454382,0,0,0,FALSE
3688323314,0,1,0,FALSE
1289028555,0,1,0,FALSE
4170345601,0,0,0,FALSE
10902421961,0,0,0,FALSE
9173575338,0,0,0,FALSE
10441420962,0,0,0,FALSE
7888174860,0,0,0,FALSE
9707580096,0,0,0,FALSE
8251056510,0,1,0,FALSE
269575359,0,0,0,FALSE
4249469162,0,0,0,FALSE
11190199996,0,0,0,FALSE
8536805417,0,1,0,FALSE
9401918401,0,0,0,FALSE
9750208024,0,0,0,FALSE
9440645889,0,0,0,FALSE
3567648954,0,0,0,FALSE
4343824225,0,0,0,FALSE
4140707204,0,0,0,FALSE
3776847364,0,0,0,FALSE
4495927869,0,0,0,FALSE
3768277676,0,0,0,FALSE
5657470304,0,0,0,FALSE
9400041506,0,0,0,FALSE
10648145488,0,0,0,FALSE
4455902943,0,0,0,FALSE
1119430424,0,1,0,FALSE
9244018300,0,0,0,FALSE
1247536416,0,1,0,FALSE
10648573230,0,0,0,FALSE
3894891478,0,0,0,FALSE
3945315805,0,0,0,FALSE
4077275478,0,0,0,FALSE
8316163270,0,0,0,FALSE
3345870658,0,1,0,FALSE
309959538,0,0,0,FALSE
5645221455,0,0,0,FALSE
8728116046,0,1,0,FALSE
8355317058,0,0,0,FALSE
4235464971,0,0,0,FALSE
5592511441,0,0,0,FALSE
10471145338,0,1,0,FALSE
4173476395,0,0,0,FALSE
5403900217,0,0,0,FALSE
4346294580,0,0,0,FALSE
8964003302,0,1,0,FALSE
1539612130,0,0,0,FALSE
3774375056,0,0,0,FALSE
4340522234,0,0,0,FALSE
296101279,0,0,0,FALSE
3312201503,1,1,0,TRUE
9627160919,0,1,0,TRUE
4241536185,0,1,0,TRUE
4034848504,1,1,0,TRUE
9101887018,0,0,1,TRUE
4258236435,0,0,0,TRUE
4208997097,0,1,1,TRUE
4423642204,1,1,0,TRUE
4349764840,0,1,0,TRUE
4242575998,0,1,0,TRUE
4318663989,0,0,0,TRUE
4400880142,0,1,0,TRUE
4447022493,0,0,0,TRUE
9097901377,0,1,1,TRUE
4242541184,0,1,0,TRUE
4423631053,1,1,0,TRUE